engine_name,setting_label,qps_target,test_duration_sec,total_requests,completed_requests,failed_requests,success_rate,achieved_requests_per_sec,avg_latency_sec,p50_latency_sec,p95_latency_sec,p99_latency_sec,avg_output_tokens,avg_tokens_per_sec
vllm,default_output,1,60,60,60,0,1.0,0.9949192660817553,1.2795815117501965,1.3085638657212257,1.320015064207837,1.6023840879835165,61.95,48.448821138589324
vllm,default_output,2,60,120,120,0,1.0,1.9728880281356214,1.2813479856355117,1.320387459360063,1.3280893692281097,1.4127995433937757,61.95,48.23940605097038
vllm,default_output,5,60,300,300,0,1.0,4.908237109648728,1.2966962471293906,1.3366785533726215,1.346873085666448,1.3497226863726974,61.95,47.64766645073398
vllm,default_output,10,60,600,600,0,1.0,9.79747943576791,1.3261602484419321,1.3673546221107244,1.3779787577688694,1.3794996321480721,61.95,46.595113246946
