engine_name,setting_label,qps_target,test_duration_sec,total_requests,completed_requests,failed_requests,success_rate,achieved_requests_per_sec,avg_latency_sec,p50_latency_sec,p95_latency_sec,p99_latency_sec,avg_output_tokens,avg_tokens_per_sec
vllm,default_output,1,60,60,60,0,1.0,0.9949697652169643,1.2661026418519516,1.306019231211394,1.317467666603625,1.3183262560144067,61.95,48.810084040110816
vllm,default_output,2,60,120,120,0,1.0,1.972976562695722,1.275731631120046,1.3146953866817057,1.324804586870596,1.3284107015933841,61.95,48.4383086879282
vllm,default_output,5,60,300,300,0,1.0,4.90814421675696,1.2969145952258259,1.337316888384521,1.3472453770693391,1.349539578957483,61.95,47.64788582691787
vllm,default_output,10,60,600,600,0,1.0,9.798490984456983,1.326088042583627,1.367197989486158,1.3780261776410043,1.3799332408420741,61.95,46.59830132058632
vllm,default_output,15,60,900,900,0,1.0,14.687492378784366,1.3269843105816592,1.3680188348516822,1.3778027669060977,1.3788120923005045,61.95,46.5632897583653
vllm,default_output,20,60,1200,1200,0,1.0,19.57731879485925,1.3848626018470773,1.4286715760827065,1.438963415194303,1.440190937379375,61.95,44.6258672378774
