concurrency_level,avg_latency_sec,min_latency_sec,max_latency_sec,avg_tokens_per_sec,avg_output_tokens,num_requests
1,1.2633958191145211,1.2452040100470185,1.3809849522076547,50.71526519564144,64.0,8
2,1.2485454611014575,1.226853004656732,1.2577025988139212,51.263298945315405,64.0,8
4,1.2502444362617098,1.2323582069948316,1.2602211949415505,51.19273983741127,64.0,8
8,1.2649004124104977,1.248202248942107,1.277743048965931,50.59869596585186,64.0,8
