engine_name,setting_label,qps_target,test_duration_sec,total_requests,completed_requests,failed_requests,success_rate,achieved_requests_per_sec,avg_latency_sec,p50_latency_sec,p95_latency_sec,p99_latency_sec,avg_output_tokens,avg_tokens_per_sec
vllm,default_output,1,60,60,60,0,1.0,0.9949665474061148,1.2668310013910136,1.3064967151731253,1.3169230797328055,1.3176666533667594,61.95,48.777064139443674
vllm,default_output,2,60,120,120,0,1.0,1.9731228693945235,1.2748775425056615,1.3142346842214465,1.326530910655856,1.3276416908204556,61.95,48.48037800024984
vllm,default_output,5,60,300,300,0,1.0,4.908114599750226,1.2963697796470175,1.3364031123928726,1.3462970647960901,1.3486961842328309,61.95,47.66201163559197
vllm,default_output,10,60,600,600,0,1.0,9.797208359270527,1.325842221326505,1.3669083146378398,1.3771938828751444,1.3790141693409532,61.95,46.606903030021996
vllm,default_output,15,60,900,900,0,1.0,14.686231654322603,1.327202889147318,1.3683862430043519,1.3781006719451396,1.3790765127260238,61.95,46.55841046696898
vllm,default_output,20,60,1200,1200,0,1.0,19.574685224924494,1.384635808817111,1.4283274090848863,1.4386512759607286,1.44019405066967,61.95,44.627449444633996
vllm,default_output,25,60,1500,1500,0,1.0,24.46031389440729,1.4319344034896542,1.4778129193000495,1.488235006434843,1.4896033852547406,61.95,43.156569443749795
vllm,default_output,30,60,1800,1800,0,1.0,29.341585308049606,1.519867594987154,1.570189693942666,1.58120427550748,1.5824359221942723,61.95,40.66588239708031
