setting_label,category,avg_latency_sec,min_latency_sec,max_latency_sec,avg_tokens_per_sec,avg_input_tokens,avg_output_tokens,num_prompts
default,coding,1.1311307710129768,1.0049447499914097,1.217145791975781,56.86694930360412,12.75,64.0,4
default,long_context,1.108052395778941,1.0243167500011623,1.209629625082016,58.03703154383342,47.75,64.0,4
default,reasoning,1.1291708957578521,1.096910541993566,1.1563517090398818,56.70086187059316,19.75,64.0,4
default,short_qa,1.0596791354764719,0.9887610418954864,1.1734567909734324,60.69113930047274,8.25,64.0,4
default,summarization,1.1529060835309792,1.119696290930733,1.1987855840707198,55.54784281331429,26.75,64.0,4
