concurrency_level,avg_latency_sec,min_latency_sec,max_latency_sec,avg_tokens_per_sec,avg_output_tokens,num_requests
1,1.2049902506987564,0.4739770442247391,1.3339738533832133,50.903810605030614,61.4375,16
2,1.2043743156536948,0.4750087270513177,1.2684225598350167,50.78255032427742,61.375,16
4,1.2062856180709787,0.4945119130425155,1.2609656709246337,50.76567895315233,61.4375,16
8,1.2229574545635842,0.4996310477145016,1.2819409789517522,50.07951130558613,61.4375,16
