{
  "run_name": "phase3_engine_comparison_qwen25_7b_instruct_vllm",
  "run_timestamp": "20260416_032519",
  "engine_name": "vllm",
  "model_name": "Qwen/Qwen2.5-7B-Instruct",
  "num_prompts": 20,
  "num_settings": 3,
  "avg_latency_sec": 1.2132900602572287,
  "min_latency_sec": 0.4722310109063983,
  "max_latency_sec": 1.8845369280315936,
  "avg_tokens_per_sec": 39.496850232061874,
  "min_tokens_per_sec": 23.13859002627019,
  "max_tokens_per_sec": 46.355791913599624
}